text,pattern_type,trigger_keyword,is_dark_pattern,source_url,platform
General Return Policy,,,0,https://www.amazon.in/dp/B08N5WRWNW,amazon
Returns,,,0,https://www.amazon.in/dp/B08N5WRWNW,amazon
...-,,,0,https://www.amazon.in/dp/B08N5WRWNW,amazon
33.78cm (13.3-inch) Retina display with 500 nits of brightness for vibrant colors and incredible image detail,,,0,https://www.amazon.in/dp/B08N5WRWNW,amazon
Any luggage items with locks must be returned unlocked.,,,0,https://www.amazon.in/dp/B08N5WRWNW,amazon
I have been loving this machine so much that I doubt that I’m ever returning back to Windows!,,,0,https://www.amazon.in/dp/B08N5WRWNW,amazon
Sell under Amazon Accelerator,,,0,https://www.amazon.in/dp/B08N5WRWNW,amazon
Hide,,,0,https://www.amazon.in/dp/B08N5WRWNW,amazon
Return Policy,,,0,https://www.amazon.in/dp/B08N5WRWNW,amazon
5 star,,,0,https://www.amazon.in/dp/B08N5WRWNW,amazon
Screen quality(13),,,0,https://www.amazon.in/dp/B08N5WRWNW,amazon
"""...then I highly recommend you switch to Apple Silicon because these arefaster....""Read more",,,0,https://www.amazon.in/dp/B08N5WRWNW,amazon
5 stars. I've been an apple customer for decades. This macbook is awesome – perfect monitor size and light enough to travel with.,,,0,https://www.amazon.in/dp/B08N5WRWNW,amazon
Home & Kitchen,,,0,https://www.amazon.in/dp/B08N5WRWNW,amazon
than they say Only 10 to 12 hrs.,,,0,https://www.amazon.in/dp/B08N5WRWNW,amazon
"Car tyres are non-returnable and hence, not eligible for return.",,,0,https://www.amazon.in/dp/B08N5WRWNW,amazon
Reviewed in India on 16 May 2022,,,0,https://www.amazon.in/dp/B08N5WRWNW,amazon
Stream millions of songs,,,0,https://www.amazon.in/dp/B08N5WRWNW,amazon
"Great product. However, wait for newer versions of M1",,,0,https://www.amazon.in/dp/B08N5WRWNW,amazon
Thank you for your feedback.,,,0,https://www.amazon.in/dp/B08N5WRWNW,amazon
Homeshift+alt+H,,,0,https://www.amazon.in/dp/B08N5WRWNW,amazon
"Headsets10 Days, ReplacementReturnable if you’ve received the product in a condition that is damaged, defective or different from its description on the product detail page on Amazon.in.",,,0,https://www.amazon.in/dp/B08N5WRWNW,amazon
Currently unavailable.We don't know when or if this item will be back in stock.,,,0,https://www.amazon.in/dp/B08N5WRWNW,amazon
Show/Hide shortcuts,,,0,https://www.amazon.in/dp/B08N5WRWNW,amazon
Interest-Based Ads,,,0,https://www.amazon.in/dp/B08N5WRWNW,amazon
"Top BrandTop Brand indicates high quality, trusted brands on Amazon aggregated basis verified ratings, returns/refunds and recent order history at brand level.",,,0,https://www.amazon.in/dp/B08N5WRWNW,amazon
speed,,,0,https://www.amazon.in/dp/B08N5WRWNW,amazon
›View or edit your browsing history,,,0,https://www.amazon.in/dp/B08N5WRWNW,amazon
Apple ProductsiPhoneiPadApple WatchAirPodsMacBookMac DesktopsApple TViPod touchAccessoriesBeats by Dr. Dre,,,0,https://www.amazon.in/dp/B08N5WRWNW,amazon
Make Money with Us,,,0,https://www.amazon.in/dp/B08N5WRWNW,amazon
Sell,,,0,https://www.amazon.in/dp/B08N5WRWNW,amazon
More,,,0,https://www.amazon.in/dp/B08N5WRWNW,amazon
Manufacturer‎AppleItem model number‎MYD92HN/AProduct Dimensions‎34.1 x 24.8 x 7.4 cm; 2.44 kgASIN‎B08N5WRWNW,,,0,https://www.amazon.in/dp/B08N5WRWNW,amazon
2 people found this helpful,,,0,https://www.amazon.in/dp/B08N5WRWNW,amazon
Returning Global Store Items,,,0,https://www.amazon.in/dp/B08N5WRWNW,amazon
Battery life is lessthan they say Only 10 to 12 hrs.,,,0,https://www.amazon.in/dp/B08N5WRWNW,amazon
Consistent Power Beast for prolonged period,,,0,https://www.amazon.in/dp/B08N5WRWNW,amazon
Processor,,,0,https://www.amazon.in/dp/B08N5WRWNW,amazon
Amazon Science,,,0,https://www.amazon.in/dp/B08N5WRWNW,amazon
Amazon Global Selling,,,0,https://www.amazon.in/dp/B08N5WRWNW,amazon
"""Good Product. Still exploring technically. Minor shock while charging. Amazing Sound quality. Love the Bass effect. Great Picture Clarity....""Read more",,,0,https://www.amazon.in/dp/B08N5WRWNW,amazon
Returns& Orders,,,0,https://www.amazon.in/dp/B08N5WRWNW,amazon
"""...Anyway, overall, a Mac is a Mac, and it is anexcellent product.""Read more",,,0,https://www.amazon.in/dp/B08N5WRWNW,amazon
", faster than many MAC models....",,,0,https://www.amazon.in/dp/B08N5WRWNW,amazon
"Vehicle and Outdoor category toys are eligible for free replacement, within 7 days of delivery, in an unlikely event of damaged, defective or different/wrong item delivered to you",,,0,https://www.amazon.in/dp/B08N5WRWNW,amazon
Placeholder,,,0,https://www.amazon.in/dp/B08N5WRWNW,amazon
Wind instruments and items marked as non-returnable on detail page are not eligible for return.,,,0,https://www.amazon.in/dp/B08N5WRWNW,amazon
See more reviews,,,0,https://www.amazon.in/dp/B08N5WRWNW,amazon
Your transaction is secure,,,0,https://www.amazon.in/dp/B08N5WRWNW,amazon
100% Purchase Protection,,,0,https://www.amazon.in/dp/B08N5WRWNW,amazon
Excellent battery life.,,,0,https://www.amazon.in/dp/B08N5WRWNW,amazon
"ENHello, sign inAccount & ListsReturns& Orders0Cart",,,0,https://www.amazon.in/dp/B08N5WRWNW,amazon
"""...This is avery expensive laptopand Apple must provide a free 3 pin adapter to avoid earthing issues.""Read more",,,0,https://www.amazon.in/dp/B08N5WRWNW,amazon
"""Screen is goodSounds is very good Battery life great.""Read more",,,0,https://www.amazon.in/dp/B08N5WRWNW,amazon
Get to Know Us,,,0,https://www.amazon.in/dp/B08N5WRWNW,amazon
2 star,,,0,https://www.amazon.in/dp/B08N5WRWNW,amazon
More details,,,0,https://www.amazon.in/dp/B08N5WRWNW,amazon
TopAbout this itemFrom the BrandFrom the AuthorSimilarProduct informationQuestionsReviews,,,0,https://www.amazon.in/dp/B08N5WRWNW,amazon
11.97 inches (30.41 cm),,,0,https://www.amazon.in/dp/B08N5WRWNW,amazon
. Still exploring technically. Minor shock while charging. Amazing Sound quality. Love the Bass effect. Great Picture Clarity....,,,0,https://www.amazon.in/dp/B08N5WRWNW,amazon
Editing 8k videos HDR content in final cut pro. Butter smooth editing experience even in best quality mode.,,,0,https://www.amazon.in/dp/B08N5WRWNW,amazon
360° VIEW,,,0,https://www.amazon.in/dp/B08N5WRWNW,amazon
Read more,,,0,https://www.amazon.in/dp/B08N5WRWNW,amazon
What is in the box?,,,0,https://www.amazon.in/dp/B08N5WRWNW,amazon
"Full content visible, double tap to read brief content.",,,0,https://www.amazon.in/dp/B08N5WRWNW,amazon
"Please keep the item in its original condition, original packaging, with user manual, warranty cards, and original accessories in manufacturer packaging for a successful return pick-up.",,,0,https://www.amazon.in/dp/B08N5WRWNW,amazon
Fashion,,,0,https://www.amazon.in/dp/B08N5WRWNW,amazon
Beauty & Personal Care,,,0,https://www.amazon.in/dp/B08N5WRWNW,amazon
I think its just,,,0,https://www.amazon.in/dp/B08N5WRWNW,amazon
"Apple-designed M1 chip for a giant leap in CPU, GPU, and machine learning performance",,,0,https://www.amazon.in/dp/B08N5WRWNW,amazon
"13-inch MacBook Pro, 61W USB-C Power Adapter, USB-C Charge Cable (2 m)",,,0,https://www.amazon.in/dp/B08N5WRWNW,amazon
AudibleDownloadAudio Books,,,0,https://www.amazon.in/dp/B08N5WRWNW,amazon
Sending feedback...,,,0,https://www.amazon.in/dp/B08N5WRWNW,amazon
Great product,,,0,https://www.amazon.in/dp/B08N5WRWNW,amazon
Model Name,,,0,https://www.amazon.in/dp/B08N5WRWNW,amazon
Performance in editing:,,,0,https://www.amazon.in/dp/B08N5WRWNW,amazon
...The pros of this machine: 1.,,,0,https://www.amazon.in/dp/B08N5WRWNW,amazon
Weight,,,0,https://www.amazon.in/dp/B08N5WRWNW,amazon
Sorry we couldn't load the reviewTry again,,,0,https://www.amazon.in/dp/B08N5WRWNW,amazon
waste of money,,,0,https://www.amazon.in/dp/B08N5WRWNW,amazon
"Apple 2020 MacBook Pro (13.3-inch/33.78 cm, M1 chip with 8‑core CPU and 8‑core GPU, 8GB RAM, 512GB SSD) - Space Grey",,,0,https://www.amazon.in/dp/B08N5WRWNW,amazon
"This item is eligible for free replacement, within 10 days of delivery, in an unlikely event of damaged, defective or different/wrong item delivered to you.",,,0,https://www.amazon.in/dp/B08N5WRWNW,amazon
...Super agile with mobility and weight.,,,0,https://www.amazon.in/dp/B08N5WRWNW,amazon
"""Thebest laptopanyone can get in the market""Read more",,,0,https://www.amazon.in/dp/B08N5WRWNW,amazon
"13 customers mention value for money, 7 positive, 6 negative",,,0,https://www.amazon.in/dp/B08N5WRWNW,amazon
Amazon Web ServicesScalable CloudComputing Services,,,0,https://www.amazon.in/dp/B08N5WRWNW,amazon
The return timelines for seller-fulfilled items sold on Amazon.in are equivalent to the return timelines mentioned above for items fulfilled by Amazon.,,,0,https://www.amazon.in/dp/B08N5WRWNW,amazon
"You can ask for a replacement or refund if you receive a damaged, defective or incorrect product.",,,0,https://www.amazon.in/dp/B08N5WRWNW,amazon
Visit the Apple Store,,,0,https://www.amazon.in/dp/B08N5WRWNW,amazon
8 negative,,,0,https://www.amazon.in/dp/B08N5WRWNW,amazon
Good Product. Still exploring technically. Minor shock while charging. Amazing Sound quality. Love the Bass effect. Great Picture Clarity....,,,0,https://www.amazon.in/dp/B08N5WRWNW,amazon
Top reviews from India,,,0,https://www.amazon.in/dp/B08N5WRWNW,amazon
Report,,,0,https://www.amazon.in/dp/B08N5WRWNW,amazon
"You can return if you receive a damaged, defective or incorrect product.",,,0,https://www.amazon.in/dp/B08N5WRWNW,amazon
Careers,,,0,https://www.amazon.in/dp/B08N5WRWNW,amazon
Verified Purchase,,,0,https://www.amazon.in/dp/B08N5WRWNW,amazon
Currently unavailable.We don't know when or if this item will be back in stock.Delivering to Mumbai 400104 - Update location,,,0,https://www.amazon.in/dp/B08N5WRWNW,amazon
83%10%3%0%4%83%,,,0,https://www.amazon.in/dp/B08N5WRWNW,amazon
Comparison with other laptops:,,,0,https://www.amazon.in/dp/B08N5WRWNW,amazon
MoreHide,,,0,https://www.amazon.in/dp/B08N5WRWNW,amazon
"...Great product, faster than many MAC models.Front camera though looks blurry in medium/low lightand that is a total disappointment when you are...",,,0,https://www.amazon.in/dp/B08N5WRWNW,amazon
Additional Information,,,0,https://www.amazon.in/dp/B08N5WRWNW,amazon
Quality(52)Performance(42)Battery life(30)Screen quality(13)Value for money(13),,,0,https://www.amazon.in/dp/B08N5WRWNW,amazon
(52),,,0,https://www.amazon.in/dp/B08N5WRWNW,amazon
Performance(42),,,0,https://www.amazon.in/dp/B08N5WRWNW,amazon
Reviews,,,0,https://www.amazon.in/dp/B08N5WRWNW,amazon
5.0 out of 5 stars,,,0,https://www.amazon.in/dp/B08N5WRWNW,amazon
"Customers have mixed opinions about the MacBook Pro's value for money, with some considering it a best investment while others find it expensive.",,,0,https://www.amazon.in/dp/B08N5WRWNW,amazon
One amazing product,,,0,https://www.amazon.in/dp/B08N5WRWNW,amazon
shift+alt+C,,,0,https://www.amazon.in/dp/B08N5WRWNW,amazon
Graphics Card Description,,,0,https://www.amazon.in/dp/B08N5WRWNW,amazon
"Jewelry, Watches and Eyewear",,,0,https://www.amazon.in/dp/B08N5WRWNW,amazon
performance,,,0,https://www.amazon.in/dp/B08N5WRWNW,amazon
Final conclusion:,,,0,https://www.amazon.in/dp/B08N5WRWNW,amazon
______,,,0,https://www.amazon.in/dp/B08N5WRWNW,amazon
Read less,,,0,https://www.amazon.in/dp/B08N5WRWNW,amazon
49 positive,,,0,https://www.amazon.in/dp/B08N5WRWNW,amazon
Fresh,,,0,https://www.amazon.in/dp/B08N5WRWNW,amazon
"Top Brand indicates high quality, trusted brands on Amazon aggregated basis verified ratings, returns/refunds and recent order history at brand level.",,,0,https://www.amazon.in/dp/B08N5WRWNW,amazon
"›View or edit your browsing historyAfter viewing product detail pages, look here to find an easy way to navigate back to pages you are interested in.",,,0,https://www.amazon.in/dp/B08N5WRWNW,amazon
8GB of unified memory so everything you do is fast and fluid,,,0,https://www.amazon.in/dp/B08N5WRWNW,amazon
Customer Service,,,0,https://www.amazon.in/dp/B08N5WRWNW,amazon
AirPods,,,0,https://www.amazon.in/dp/B08N5WRWNW,amazon
Only render time suffers during exporting HDR 4k video file.,,,0,https://www.amazon.in/dp/B08N5WRWNW,amazon
Computers,,,0,https://www.amazon.in/dp/B08N5WRWNW,amazon
"Overall product is fine though, if not for Amazon sucky price match policy. Disappointed with Amazon though on this part.",,,0,https://www.amazon.in/dp/B08N5WRWNW,amazon
Gold Coins / Gold Vedhanis / Gold Chips / Gold BarsNot Returnable,,,0,https://www.amazon.in/dp/B08N5WRWNW,amazon
4.64.6 out of 5 stars(865),,,0,https://www.amazon.in/dp/B08N5WRWNW,amazon
"For TV, we may schedule a technician visit to your location and resolution will be provided based on the technician's evaluation report.",,,0,https://www.amazon.in/dp/B08N5WRWNW,amazon
"HelpfulSending feedback...Thank you for your feedback.Sorry, we failed to record your vote. Please try again",,,0,https://www.amazon.in/dp/B08N5WRWNW,amazon
1 Year Warranty1 Year,,,0,https://www.amazon.in/dp/B08N5WRWNW,amazon
Sounds is very good Battery life great.,,,0,https://www.amazon.in/dp/B08N5WRWNW,amazon
5 star4 star3 star2 star1 star1 star83%10%3%0%4%4%,,,0,https://www.amazon.in/dp/B08N5WRWNW,amazon
iPhone,,,0,https://www.amazon.in/dp/B08N5WRWNW,amazon
3.0 pounds (1.4 kg),,,0,https://www.amazon.in/dp/B08N5WRWNW,amazon
"-touch pad works well, doesn't affect your woek style",,,0,https://www.amazon.in/dp/B08N5WRWNW,amazon
There was a problem filtering reviews. Please reload the page.,,,0,https://www.amazon.in/dp/B08N5WRWNW,amazon
Currently unavailable.,,,0,https://www.amazon.in/dp/B08N5WRWNW,amazon
Reviews with imagesSee all photosPrevious slideNext slide,,,0,https://www.amazon.in/dp/B08N5WRWNW,amazon
Amazon MusicStream millions of songs,,,0,https://www.amazon.in/dp/B08N5WRWNW,amazon
Sending feedback…,,,0,https://www.amazon.in/dp/B08N5WRWNW,amazon
5 stars. I've been an apple customer for decades. This macbook is awesome – perfect monitor size and light enough to travel with.Read moreRead less,,,0,https://www.amazon.in/dp/B08N5WRWNW,amazon
865 global ratings,,,0,https://www.amazon.in/dp/B08N5WRWNW,amazon
"Sorry, We failed to report this review. Please try again",,,0,https://www.amazon.in/dp/B08N5WRWNW,amazon
Bestsellers,social_proof,bestseller,1,https://www.amazon.in/dp/B08N5WRWNW,amazon
"13 customers mention screen quality, 7 positive, 6 negative",,,0,https://www.amazon.in/dp/B08N5WRWNW,amazon
Searchalt+/,,,0,https://www.amazon.in/dp/B08N5WRWNW,amazon
Aman Sheel,,,0,https://www.amazon.in/dp/B08N5WRWNW,amazon
"...5. quick charging & magsafe port. 6.excellent screen, hdr at 1600 nits is quite something....",,,0,https://www.amazon.in/dp/B08N5WRWNW,amazon
Quality(52),,,0,https://www.amazon.in/dp/B08N5WRWNW,amazon
....,,,0,https://www.amazon.in/dp/B08N5WRWNW,amazon
How are ratings calculated?,,,0,https://www.amazon.in/dp/B08N5WRWNW,amazon
...then I highly recommend you switch to Apple Silicon because these arefaster....,,,0,https://www.amazon.in/dp/B08N5WRWNW,amazon
"Sorry, there was a problem.There was an error retrieving your Wish Lists. Please try again.",,,0,https://www.amazon.in/dp/B08N5WRWNW,amazon
"Movies, Music and Video Games",,,0,https://www.amazon.in/dp/B08N5WRWNW,amazon
Return pickup facility is not available for these items. You can self return these products using any courier/ postal service of your choice. Learn moreabout shipping cost refunds.,,,0,https://www.amazon.in/dp/B08N5WRWNW,amazon
"""...4.speed, with all it's m1 max and shared fast ram, formidable. 5. quick charging & magsafe port. 6....""Read more",,,0,https://www.amazon.in/dp/B08N5WRWNW,amazon
5 out of 5 stars,,,0,https://www.amazon.in/dp/B08N5WRWNW,amazon
Privacy Notice,,,0,https://www.amazon.in/dp/B08N5WRWNW,amazon
So M1 chip is really making everything seems so fluid and fast.,,,0,https://www.amazon.in/dp/B08N5WRWNW,amazon
Subscribe & Save,,,0,https://www.amazon.in/dp/B08N5WRWNW,amazon
"...-camera could have been better with 1080pbut you can't expect more with this price -touch pad works well, doesn't affect your woek style...",,,0,https://www.amazon.in/dp/B08N5WRWNW,amazon
Wonderful Product by Apple,,,0,https://www.amazon.in/dp/B08N5WRWNW,amazon
Top Brand,,,0,https://www.amazon.in/dp/B08N5WRWNW,amazon
Amazon Customer,,,0,https://www.amazon.in/dp/B08N5WRWNW,amazon
"Customers praise the MacBook Pro's performance, noting it runs 5 times faster with no lags or drops, and has negligible boot time.",,,0,https://www.amazon.in/dp/B08N5WRWNW,amazon
Skip to,,,0,https://www.amazon.in/dp/B08N5WRWNW,amazon
"Returnable if you’ve received the product in a condition that is damaged, defective or different from its description on the product detail page on Amazon.in.",,,0,https://www.amazon.in/dp/B08N5WRWNW,amazon
"""Excellent battery life.""Read more",,,0,https://www.amazon.in/dp/B08N5WRWNW,amazon
"52 customers mention quality, 49 positive, 3 negative52 customers mention ""Quality""49 positive3 negative",,,0,https://www.amazon.in/dp/B08N5WRWNW,amazon
Depth,,,0,https://www.amazon.in/dp/B08N5WRWNW,amazon
"Image UnavailableImage not available forColour:2020 Apple MacBook Pro (13.3-inch/33.78 cm, Apple M1 chip with 8‑core CPU and 8‑core GPU, 8GB RAM,Amazon Videos",,,0,https://www.amazon.in/dp/B08N5WRWNW,amazon
Supply to Amazon,,,0,https://www.amazon.in/dp/B08N5WRWNW,amazon
"FaceTime HD camera with advanced image signal processor for clearer, sharper video calls",,,0,https://www.amazon.in/dp/B08N5WRWNW,amazon
Graphics and Video Support,,,0,https://www.amazon.in/dp/B08N5WRWNW,amazon
New Apple MacBook Pro 13-inch with Apple M1 Chip,,,0,https://www.amazon.in/dp/B08N5WRWNW,amazon
Battery life is less,,,0,https://www.amazon.in/dp/B08N5WRWNW,amazon
about shipping cost refunds,,,0,https://www.amazon.in/dp/B08N5WRWNW,amazon
", hdr at 1600 nits is quite something....",,,0,https://www.amazon.in/dp/B08N5WRWNW,amazon
Questions,,,0,https://www.amazon.in/dp/B08N5WRWNW,amazon
Beats by Dr. Dre,,,0,https://www.amazon.in/dp/B08N5WRWNW,amazon
-battery is amazing,,,0,https://www.amazon.in/dp/B08N5WRWNW,amazon
"IMDbMovies, TV& Celebrities",,,0,https://www.amazon.in/dp/B08N5WRWNW,amazon
View or edit your browsing history,,,0,https://www.amazon.in/dp/B08N5WRWNW,amazon
"Lingerie, innerwear and apparel labeled as non-returnable on their product detail pages can't be returned.",,,0,https://www.amazon.in/dp/B08N5WRWNW,amazon
Returns Policy1 Year WarrantyTop BrandSecure transaction,,,0,https://www.amazon.in/dp/B08N5WRWNW,amazon
Show/Hide shortcutsshift+alt+Z,,,0,https://www.amazon.in/dp/B08N5WRWNW,amazon
Apple-branded hardware product and accessories contained in the original packaging (“Apple Product”) come with a One-Year Limited Warranty. See apple.com/in/legal/warranty for more information,,,0,https://www.amazon.in/dp/B08N5WRWNW,amazon
faster,,,0,https://www.amazon.in/dp/B08N5WRWNW,amazon
Helpful,,,0,https://www.amazon.in/dp/B08N5WRWNW,amazon
"Health, Household & Personal Care",,,0,https://www.amazon.in/dp/B08N5WRWNW,amazon
Returns Centre,,,0,https://www.amazon.in/dp/B08N5WRWNW,amazon
Similar,,,0,https://www.amazon.in/dp/B08N5WRWNW,amazon
24 positive,,,0,https://www.amazon.in/dp/B08N5WRWNW,amazon
Best Purchase Ever!,,,0,https://www.amazon.in/dp/B08N5WRWNW,amazon
See more product details,,,0,https://www.amazon.in/dp/B08N5WRWNW,amazon
"Screen guards, screen protectors and tempered glasses are non-returnable.",,,0,https://www.amazon.in/dp/B08N5WRWNW,amazon
"but you can't expect more with this price -touch pad works well, doesn't affect your woek style...",,,0,https://www.amazon.in/dp/B08N5WRWNW,amazon
Technical Details,,,0,https://www.amazon.in/dp/B08N5WRWNW,amazon
Returning Products with Inspect & Buy label,,,0,https://www.amazon.in/dp/B08N5WRWNW,amazon
💸. Its better for machine learning. Battery backup is also very good more than 20hrs .,,,0,https://www.amazon.in/dp/B08N5WRWNW,amazon
Added to,,,0,https://www.amazon.in/dp/B08N5WRWNW,amazon
", nothing comes close to apple silicon. 2. macos, love it, hate it....",,,0,https://www.amazon.in/dp/B08N5WRWNW,amazon
anyone can get in the market,,,0,https://www.amazon.in/dp/B08N5WRWNW,amazon
Filtering customer reviews,,,0,https://www.amazon.in/dp/B08N5WRWNW,amazon
Special Feature,,,0,https://www.amazon.in/dp/B08N5WRWNW,amazon
There was an error retrieving your Wish Lists. Please try again.,,,0,https://www.amazon.in/dp/B08N5WRWNW,amazon
iPad,,,0,https://www.amazon.in/dp/B08N5WRWNW,amazon
About this item,,,0,https://www.amazon.in/dp/B08N5WRWNW,amazon
Display,,,0,https://www.amazon.in/dp/B08N5WRWNW,amazon
Precious jewellery items need to be returned in the tamper free packaging that is provided in the delivery parcel. Returns in any other packaging will not be accepted.,,,0,https://www.amazon.in/dp/B08N5WRWNW,amazon
"13 customers mention value for money, 7 positive, 6 negative13 customers mention ""Value for money""7 positive6 negative",,,0,https://www.amazon.in/dp/B08N5WRWNW,amazon
New Releases,,,0,https://www.amazon.in/dp/B08N5WRWNW,amazon
EnglishIndia,,,0,https://www.amazon.in/dp/B08N5WRWNW,amazon
"Hello, sign inAccount & Lists",,,0,https://www.amazon.in/dp/B08N5WRWNW,amazon
"Refunds will be issued only if it is determined that the item was not damaged while in your possession, or is not different from what was shipped to you.",,,0,https://www.amazon.in/dp/B08N5WRWNW,amazon
5 star4 star3 star2 star1 star3 star,,,0,https://www.amazon.in/dp/B08N5WRWNW,amazon
Grocery and GourmetNot Returnable,,,0,https://www.amazon.in/dp/B08N5WRWNW,amazon
Product summaryshift+alt+D,,,0,https://www.amazon.in/dp/B08N5WRWNW,amazon
Facebook,,,0,https://www.amazon.in/dp/B08N5WRWNW,amazon
MacBook Pro m1 518gigs 8gb - its been a week,,,0,https://www.amazon.in/dp/B08N5WRWNW,amazon
Accessories,,,0,https://www.amazon.in/dp/B08N5WRWNW,amazon
Delivering to Mumbai 400104Update location,,,0,https://www.amazon.in/dp/B08N5WRWNW,amazon
...Great audio Good camera Decent KeyboardGreat performance,,,0,https://www.amazon.in/dp/B08N5WRWNW,amazon
"Customers have mixed opinions about the MacBook Pro's screen, with some finding it excellent while others note that the front camera appears blurry in medium to low light conditions.",,,0,https://www.amazon.in/dp/B08N5WRWNW,amazon
Become an Affiliate,,,0,https://www.amazon.in/dp/B08N5WRWNW,amazon
3 star,,,0,https://www.amazon.in/dp/B08N5WRWNW,amazon
"Sports, Fitness and Outdoors",,,0,https://www.amazon.in/dp/B08N5WRWNW,amazon
Shoes30 Days ReturnableReturn the Shoes in the original condition with the brand box to avoid pickup cancellation. We will not process a refund if the pickup is cancelled owing to missing MRP tag.,,,0,https://www.amazon.in/dp/B08N5WRWNW,amazon
shift,,,0,https://www.amazon.in/dp/B08N5WRWNW,amazon
4.6 out of 5 stars,,,0,https://www.amazon.in/dp/B08N5WRWNW,amazon
"13.3-inch (diagonal) LED-backlit display with IPS technology; 2560-by-1600 native resolution at 227 pixels per inch with support for millions of colors, 16:10 aspect ratio",,,0,https://www.amazon.in/dp/B08N5WRWNW,amazon
"52 customers mention ""Quality""",,,0,https://www.amazon.in/dp/B08N5WRWNW,amazon
Warranty,,,0,https://www.amazon.in/dp/B08N5WRWNW,amazon
"Overall, anyone looking to upgrade their experience to a whole new level, look no further!",,,0,https://www.amazon.in/dp/B08N5WRWNW,amazon
512 GB,,,0,https://www.amazon.in/dp/B08N5WRWNW,amazon
13 Inches,,,0,https://www.amazon.in/dp/B08N5WRWNW,amazon
AmazonBasics,,,0,https://www.amazon.in/dp/B08N5WRWNW,amazon
shift+alt+Z,,,0,https://www.amazon.in/dp/B08N5WRWNW,amazon
THE SPEAKERS ROAR!! mind you this is a laptop after all.,,,0,https://www.amazon.in/dp/B08N5WRWNW,amazon
"Books, art& collectibles",,,0,https://www.amazon.in/dp/B08N5WRWNW,amazon
Shoes,,,0,https://www.amazon.in/dp/B08N5WRWNW,amazon
Close,,,0,https://www.amazon.in/dp/B08N5WRWNW,amazon
3 negative,,,0,https://www.amazon.in/dp/B08N5WRWNW,amazon
Protect and Build Your Brand,,,0,https://www.amazon.in/dp/B08N5WRWNW,amazon
Kindle eBooks,,,0,https://www.amazon.in/dp/B08N5WRWNW,amazon
Prime,,,0,https://www.amazon.in/dp/B08N5WRWNW,amazon
"Customers praise the MacBook Pro's quality, describing it as an amazing machine.",,,0,https://www.amazon.in/dp/B08N5WRWNW,amazon
Width,,,0,https://www.amazon.in/dp/B08N5WRWNW,amazon
Reviews with imagesSee all photos,,,0,https://www.amazon.in/dp/B08N5WRWNW,amazon
Thank you for your feedbackClose,,,0,https://www.amazon.in/dp/B08N5WRWNW,amazon
This laptop has spoiled me.,,,0,https://www.amazon.in/dp/B08N5WRWNW,amazon
From the Author,,,0,https://www.amazon.in/dp/B08N5WRWNW,amazon
"13-inch MacBook Pro, USB-C Charge Cable (2 m), 61W USB-C Power Adapter",,,0,https://www.amazon.in/dp/B08N5WRWNW,amazon
Customers say,,,0,https://www.amazon.in/dp/B08N5WRWNW,amazon
"Cameras, Audio and Video",,,0,https://www.amazon.in/dp/B08N5WRWNW,amazon
1 Year,,,0,https://www.amazon.in/dp/B08N5WRWNW,amazon
"This item is eligible for free replacement, within 7 days of delivery, in an unlikely event of damaged, defective or different item delivered to you.",,,0,https://www.amazon.in/dp/B08N5WRWNW,amazon
"I bought a 512 GB / 8 GB MAC model (Space Grey) Macbook Pro M1.Great product, faster than many MAC models....",,,0,https://www.amazon.in/dp/B08N5WRWNW,amazon
Charging and Expansion,,,0,https://www.amazon.in/dp/B08N5WRWNW,amazon
Reviewed in India on 5 April 2025,,,0,https://www.amazon.in/dp/B08N5WRWNW,amazon
The best MacBook Pro to date,,,0,https://www.amazon.in/dp/B08N5WRWNW,amazon
"© 1996-2026, Amazon.com, Inc. or its affiliates",,,0,https://www.amazon.in/dp/B08N5WRWNW,amazon
Nov 2020,,,0,https://www.amazon.in/dp/B08N5WRWNW,amazon
Add to cart,,,0,https://www.amazon.in/dp/B08N5WRWNW,amazon
"Wi-Fi 802.11ax Wi-Fi wireless networking; IEEE 802.11a/b/g/n/ac compatible, Bluetooth 5.0 wireless technology",,,0,https://www.amazon.in/dp/B08N5WRWNW,amazon
"...The pros of this machine: 1.battery life, nothing comes close to apple silicon. 2. macos, love it, hate it....",,,0,https://www.amazon.in/dp/B08N5WRWNW,amazon
Instagram,,,0,https://www.amazon.in/dp/B08N5WRWNW,amazon
& battery backup is awesome . Worth the buy,,,0,https://www.amazon.in/dp/B08N5WRWNW,amazon
Main content,,,0,https://www.amazon.in/dp/B08N5WRWNW,amazon
(865),,,0,https://www.amazon.in/dp/B08N5WRWNW,amazon
Best investment ever,,,0,https://www.amazon.in/dp/B08N5WRWNW,amazon
4.6 out of 5 stars4.6 out of 5,,,0,https://www.amazon.in/dp/B08N5WRWNW,amazon
"13 customers mention ""Value for money""",,,0,https://www.amazon.in/dp/B08N5WRWNW,amazon
Connect with UsFacebookTwitterInstagram,,,0,https://www.amazon.in/dp/B08N5WRWNW,amazon
Audible,,,0,https://www.amazon.in/dp/B08N5WRWNW,amazon
Buying options,,,0,https://www.amazon.in/dp/B08N5WRWNW,amazon
"Used Mobiles, Tablets10 Days RefundRefunds applicable only if it has been determined that the item was not damaged while in your possession, or is not different from what was shipped to you.",,,0,https://www.amazon.in/dp/B08N5WRWNW,amazon
Screen is goodSounds is very good Battery life great.,,,0,https://www.amazon.in/dp/B08N5WRWNW,amazon
"I think its justwaste of money, the speakers are rattling on the higher volumes, and the battery life is also not as expected.",,,0,https://www.amazon.in/dp/B08N5WRWNW,amazon
Grocery & Gourmet Foods,,,0,https://www.amazon.in/dp/B08N5WRWNW,amazon
"Sports, Fitness & Outdoors",,,0,https://www.amazon.in/dp/B08N5WRWNW,amazon
Battery: It sips battery life and I can easily last a day of extensive graphic designing and editing and a few hours worth of calls and still have a little below 50% left!,,,0,https://www.amazon.in/dp/B08N5WRWNW,amazon
1 star,,,0,https://www.amazon.in/dp/B08N5WRWNW,amazon
Thats it.,,,0,https://www.amazon.in/dp/B08N5WRWNW,amazon
List unavailable.,,,0,https://www.amazon.in/dp/B08N5WRWNW,amazon
Mobiles & Tablets,,,0,https://www.amazon.in/dp/B08N5WRWNW,amazon
Secure transaction,,,0,https://www.amazon.in/dp/B08N5WRWNW,amazon
Get to Know UsAbout AmazonCareersPress ReleasesAmazon Science,,,0,https://www.amazon.in/dp/B08N5WRWNW,amazon
"Beauty, Health and Groceries",,,0,https://www.amazon.in/dp/B08N5WRWNW,amazon
Twitter,,,0,https://www.amazon.in/dp/B08N5WRWNW,amazon
6 negative,,,0,https://www.amazon.in/dp/B08N5WRWNW,amazon
"Refunds are applicable only if determined that the item was not damaged while in your possession, or is not different from what was shipped to you.",,,0,https://www.amazon.in/dp/B08N5WRWNW,amazon
value of money,,,0,https://www.amazon.in/dp/B08N5WRWNW,amazon
"Sorry, we failed to record your vote. Please try again",,,0,https://www.amazon.in/dp/B08N5WRWNW,amazon
Compare with similar items,,,0,https://www.amazon.in/dp/B08N5WRWNW,amazon
5 star4 star3 star2 star1 star5 star83%10%3%0%4%83%,,,0,https://www.amazon.in/dp/B08N5WRWNW,amazon
Reviewed in India on 11 July 2021,,,0,https://www.amazon.in/dp/B08N5WRWNW,amazon
Image UnavailableImage not available forColour:,,,0,https://www.amazon.in/dp/B08N5WRWNW,amazon
Colour,,,0,https://www.amazon.in/dp/B08N5WRWNW,amazon
›See more product details,,,0,https://www.amazon.in/dp/B08N5WRWNW,amazon
Car & Motorbike,,,0,https://www.amazon.in/dp/B08N5WRWNW,amazon
Good Product,,,0,https://www.amazon.in/dp/B08N5WRWNW,amazon
"It’s a bit heavy at 1.4kg but if most of your work is mostly desk orientated, then it shouldn’t be a problem.",,,0,https://www.amazon.in/dp/B08N5WRWNW,amazon
"AbeBooksBooks, art& collectibles",,,0,https://www.amazon.in/dp/B08N5WRWNW,amazon
Search,,,0,https://www.amazon.in/dp/B08N5WRWNW,amazon
Amazon App Download,,,0,https://www.amazon.in/dp/B08N5WRWNW,amazon
I must say - if you are looking for something Amazing then this product is for you.,,,0,https://www.amazon.in/dp/B08N5WRWNW,amazon
"Sorry, there was a problem.List unavailable.",,,0,https://www.amazon.in/dp/B08N5WRWNW,amazon
4.6 out of 5,,,0,https://www.amazon.in/dp/B08N5WRWNW,amazon
"42 customers mention performance, 34 positive, 8 negative42 customers mention ""Performance""34 positive8 negative",,,0,https://www.amazon.in/dp/B08N5WRWNW,amazon
"Brief content visible, double tap to read full content.",,,0,https://www.amazon.in/dp/B08N5WRWNW,amazon
Sell on Amazon,,,0,https://www.amazon.in/dp/B08N5WRWNW,amazon
"13 customers mention ""Screen quality""",,,0,https://www.amazon.in/dp/B08N5WRWNW,amazon
VIDEOS360° VIEWIMAGES,,,0,https://www.amazon.in/dp/B08N5WRWNW,amazon
AI Generated from the text of customer reviews,,,0,https://www.amazon.in/dp/B08N5WRWNW,amazon
Select the department you want to search in,,,0,https://www.amazon.in/dp/B08N5WRWNW,amazon
Value for money(13),,,0,https://www.amazon.in/dp/B08N5WRWNW,amazon
Search Amazon.in,,,0,https://www.amazon.in/dp/B08N5WRWNW,amazon
"I was former user of Mackbook Pro and I was thinking, to change my old system due to new business standards but I was little hesitate in purchasing the Pro version due to its high cost.",,,0,https://www.amazon.in/dp/B08N5WRWNW,amazon
Video Games,,,0,https://www.amazon.in/dp/B08N5WRWNW,amazon
"Get more done with up to 20 hours of battery life, the longest ever in a Mac",,,0,https://www.amazon.in/dp/B08N5WRWNW,amazon
Scalable CloudComputing Services,,,0,https://www.amazon.in/dp/B08N5WRWNW,amazon
Superfast SSD storage launches apps and opens files in an instant,,,0,https://www.amazon.in/dp/B08N5WRWNW,amazon
AI Generated from the text of customer reviewsGenerated from the text of customer reviews,,,0,https://www.amazon.in/dp/B08N5WRWNW,amazon
...Super agile with mobility and weight.Battery backup is awesome( charge once in a day with normal coding and youtube music for a data scientist),,,0,https://www.amazon.in/dp/B08N5WRWNW,amazon
"30 customers mention ""Battery life""",,,0,https://www.amazon.in/dp/B08N5WRWNW,amazon
DesignerFashion Brands,,,0,https://www.amazon.in/dp/B08N5WRWNW,amazon
4.64.6 out of 5 stars,,,0,https://www.amazon.in/dp/B08N5WRWNW,amazon
"If you do not receive a response from the seller for your return request within two business days, you can submit an A-to-Z Guarantee claim. Learn more aboutreturning seller fulfilled items.",,,0,https://www.amazon.in/dp/B08N5WRWNW,amazon
16-core Neural Engine for advanced machine learning,,,0,https://www.amazon.in/dp/B08N5WRWNW,amazon
"Sorry, there was an error",,,0,https://www.amazon.in/dp/B08N5WRWNW,amazon
Filtering customer reviewsLoading customer reviews,,,0,https://www.amazon.in/dp/B08N5WRWNW,amazon
Clothing and Accessories,,,0,https://www.amazon.in/dp/B08N5WRWNW,amazon
Cartshift+alt+C,,,0,https://www.amazon.in/dp/B08N5WRWNW,amazon
"Home, Kitchen and Pets",,,0,https://www.amazon.in/dp/B08N5WRWNW,amazon
Battery life(30),,,0,https://www.amazon.in/dp/B08N5WRWNW,amazon
Battery backup is awesome,,,0,https://www.amazon.in/dp/B08N5WRWNW,amazon
Customer reviews,,,0,https://www.amazon.in/dp/B08N5WRWNW,amazon
Previous slide,,,0,https://www.amazon.in/dp/B08N5WRWNW,amazon
Try again,,,0,https://www.amazon.in/dp/B08N5WRWNW,amazon
Release Date,,,0,https://www.amazon.in/dp/B08N5WRWNW,amazon
"VIDEOImage UnavailableImage not available forColour:2020 Apple MacBook Pro (13.3-inch/33.78 cm, Apple M1 chip with 8‑core CPU and 8‑core GPU, 8GB RAM,Amazon VideosVIDEOS360° VIEWIMAGES",,,0,https://www.amazon.in/dp/B08N5WRWNW,amazon
Image not available forColour:,,,0,https://www.amazon.in/dp/B08N5WRWNW,amazon
4 star,,,0,https://www.amazon.in/dp/B08N5WRWNW,amazon
83%10%3%0%4%10%,,,0,https://www.amazon.in/dp/B08N5WRWNW,amazon
Amazon Customer5.0 out of 5 stars,,,0,https://www.amazon.in/dp/B08N5WRWNW,amazon
"Thickness: weight management is perfect, not at all bulky. Its a very powerful and light machine",,,0,https://www.amazon.in/dp/B08N5WRWNW,amazon
Amazon Videos,,,0,https://www.amazon.in/dp/B08N5WRWNW,amazon
"Refunds applicable only if it has been determined that the item was not damaged while in your possession, or is not different from what was shipped to you.",,,0,https://www.amazon.in/dp/B08N5WRWNW,amazon
Computers and Accessories,,,0,https://www.amazon.in/dp/B08N5WRWNW,amazon
"Watches30 Days, Returnable",,,0,https://www.amazon.in/dp/B08N5WRWNW,amazon
Read moreRead less,,,0,https://www.amazon.in/dp/B08N5WRWNW,amazon
8-core CPU delivers up to 2.8x faster performance to fly through workflows quicker than ever,,,0,https://www.amazon.in/dp/B08N5WRWNW,amazon
4.6 out of 5 stars4.6 out of 5865 global ratings,,,0,https://www.amazon.in/dp/B08N5WRWNW,amazon
MacBook,,,0,https://www.amazon.in/dp/B08N5WRWNW,amazon
One person found this helpful,,,0,https://www.amazon.in/dp/B08N5WRWNW,amazon
"System on Chip (SoC), Apple M1 chip, 8-core CPU with 4 performance cores and 4 efficiency cores, 16-core Neural Engine",,,0,https://www.amazon.in/dp/B08N5WRWNW,amazon
7 positive,,,0,https://www.amazon.in/dp/B08N5WRWNW,amazon
8.36 inches (21.24 cm),,,0,https://www.amazon.in/dp/B08N5WRWNW,amazon
"Movies, TV& Celebrities",,,0,https://www.amazon.in/dp/B08N5WRWNW,amazon
83%10%3%0%4%3%,,,0,https://www.amazon.in/dp/B08N5WRWNW,amazon
Excellent battery life,,,0,https://www.amazon.in/dp/B08N5WRWNW,amazon
"52 customers mention quality, 49 positive, 3 negative",,,0,https://www.amazon.in/dp/B08N5WRWNW,amazon
Reviewed in India on 3 July 2021,,,0,https://www.amazon.in/dp/B08N5WRWNW,amazon
"Hello, sign in",,,0,https://www.amazon.in/dp/B08N5WRWNW,amazon
"""I bought a 512 GB / 8 GB MAC model (Space Grey) Macbook Pro M1.Great product, faster than many MAC models....""Read more",,,0,https://www.amazon.in/dp/B08N5WRWNW,amazon
"For few products, we may schedule a technician visit to your location. On the basis of the technician's evaluation report, we will provide resolution.",,,0,https://www.amazon.in/dp/B08N5WRWNW,amazon
Toys and Baby Products,,,0,https://www.amazon.in/dp/B08N5WRWNW,amazon
Mobiles,,,0,https://www.amazon.in/dp/B08N5WRWNW,amazon
"Video Games (Accessories and Games)10 Days ReturnableYou can ask for a replacement or refund if you receive a damaged, defective or incorrect product.",,,0,https://www.amazon.in/dp/B08N5WRWNW,amazon
Generated from the text of customer reviews,,,0,https://www.amazon.in/dp/B08N5WRWNW,amazon
Loading customer reviews,,,0,https://www.amazon.in/dp/B08N5WRWNW,amazon
VIDEO,,,0,https://www.amazon.in/dp/B08N5WRWNW,amazon
English,,,0,https://www.amazon.in/dp/B08N5WRWNW,amazon
"What is in the box?13-inch MacBook Pro, USB-C Charge Cable (2 m), 61W USB-C Power Adapter",,,0,https://www.amazon.in/dp/B08N5WRWNW,amazon
Handbags and LuggageLuggage and Handbags30 Days ReturnableAny luggage items with locks must be returned unlocked.,,,0,https://www.amazon.in/dp/B08N5WRWNW,amazon
Show More,,,0,https://www.amazon.in/dp/B08N5WRWNW,amazon
"""I am reviewing after 2 month use -Itsvalue of money💸. Its better for machine learning. Battery backup is also very good more than 20hrs .""Read more",,,0,https://www.amazon.in/dp/B08N5WRWNW,amazon
"Conditions of Use & SalePrivacy NoticeInterest-Based Ads© 1996-2026, Amazon.com, Inc. or its affiliates",,,0,https://www.amazon.in/dp/B08N5WRWNW,amazon
Return the Shoes in the original condition with the brand box to avoid pickup cancellation. We will not process a refund if the pickup is cancelled owing to missing MRP tag.,,,0,https://www.amazon.in/dp/B08N5WRWNW,amazon
Baby,,,0,https://www.amazon.in/dp/B08N5WRWNW,amazon
Only if you need consistent high performance for prolonged period then buy this pro model else go with macbook air model,,,0,https://www.amazon.in/dp/B08N5WRWNW,amazon
shift+alt+O,,,0,https://www.amazon.in/dp/B08N5WRWNW,amazon
Luggage and Handbags30 Days ReturnableAny luggage items with locks must be returned unlocked.,,,0,https://www.amazon.in/dp/B08N5WRWNW,amazon
Tap on the category links below for the associated return window and exceptions (if any) for returns.,,,0,https://www.amazon.in/dp/B08N5WRWNW,amazon
Return the speakers in the original condition in brand box to avoid pickup cancellation. We will not process a replacement if the pickup is cancelled owing to missing/ damaged box.,,,0,https://www.amazon.in/dp/B08N5WRWNW,amazon
Amazon Pay,,,0,https://www.amazon.in/dp/B08N5WRWNW,amazon
Back to top,,,0,https://www.amazon.in/dp/B08N5WRWNW,amazon
excellent product,,,0,https://www.amazon.in/dp/B08N5WRWNW,amazon
"...Anyway, overall, a Mac is a Mac, and it is an",,,0,https://www.amazon.in/dp/B08N5WRWNW,amazon
Next slide,,,0,https://www.amazon.in/dp/B08N5WRWNW,amazon
Handbags and Luggage,,,0,https://www.amazon.in/dp/B08N5WRWNW,amazon
Toys & Games,,,0,https://www.amazon.in/dp/B08N5WRWNW,amazon
Reviewed in India on 27 January 2022,,,0,https://www.amazon.in/dp/B08N5WRWNW,amazon
Product summary,,,0,https://www.amazon.in/dp/B08N5WRWNW,amazon
Unable to add item to Wish List. Please try again.,,,0,https://www.amazon.in/dp/B08N5WRWNW,amazon
Reviewed in India on 2 May 2021,,,0,https://www.amazon.in/dp/B08N5WRWNW,amazon
RAM Memory Installed Size,,,0,https://www.amazon.in/dp/B08N5WRWNW,amazon
"For seller-fulfilled items from Sports collectibles and Entertainment collectibles categories, the sellers need to be informed of the damage / defect within 10 days of delivery.",,,0,https://www.amazon.in/dp/B08N5WRWNW,amazon
Manish Gupta,,,0,https://www.amazon.in/dp/B08N5WRWNW,amazon
alt+/,,,0,https://www.amazon.in/dp/B08N5WRWNW,amazon
Add to Wish List,,,0,https://www.amazon.in/dp/B08N5WRWNW,amazon
Product information,,,0,https://www.amazon.in/dp/B08N5WRWNW,amazon
"42 customers mention ""Performance""",,,0,https://www.amazon.in/dp/B08N5WRWNW,amazon
83%10%3%0%4%4%,,,0,https://www.amazon.in/dp/B08N5WRWNW,amazon
Best investment ever.,,,0,https://www.amazon.in/dp/B08N5WRWNW,amazon
Your recently viewed items and featured recommendations,,,0,https://www.amazon.in/dp/B08N5WRWNW,amazon
5 star4 star3 star2 star1 star2 star,,,0,https://www.amazon.in/dp/B08N5WRWNW,amazon
"Two Thunderbolt / USB 4 ports with support for: Charging, DisplayPort, Thunderbolt 3 (up to 40 Gbps), USB 3.1 Gen 2 (up to 10 Gbps)",,,0,https://www.amazon.in/dp/B08N5WRWNW,amazon
anju v.,,,0,https://www.amazon.in/dp/B08N5WRWNW,amazon
Ordersshift+alt+O,,,0,https://www.amazon.in/dp/B08N5WRWNW,amazon
Apple Products,,,0,https://www.amazon.in/dp/B08N5WRWNW,amazon
Electronics,,,0,https://www.amazon.in/dp/B08N5WRWNW,amazon
iPod touch,,,0,https://www.amazon.in/dp/B08N5WRWNW,amazon
4 out of 5 stars,,,0,https://www.amazon.in/dp/B08N5WRWNW,amazon
If you do lots of editing,,,0,https://www.amazon.in/dp/B08N5WRWNW,amazon
Sree Harsha,,,0,https://www.amazon.in/dp/B08N5WRWNW,amazon
-without Google search it is highly impossible at the beginning to work with mac but once you're familiar it's worth it,,,0,https://www.amazon.in/dp/B08N5WRWNW,amazon
Learn more,,,0,https://www.amazon.in/dp/B08N5WRWNW,amazon
From the Brand,,,0,https://www.amazon.in/dp/B08N5WRWNW,amazon
Help,,,0,https://www.amazon.in/dp/B08N5WRWNW,amazon
About Amazon,,,0,https://www.amazon.in/dp/B08N5WRWNW,amazon
1 Year Warranty,,,0,https://www.amazon.in/dp/B08N5WRWNW,amazon
", the speakers are rattling on the higher volumes, and the battery life is also not as expected.",,,0,https://www.amazon.in/dp/B08N5WRWNW,amazon
Software products that are labeled as not returnable on the product detail pages are not eligible for returns.,,,0,https://www.amazon.in/dp/B08N5WRWNW,amazon
8 GB,,,0,https://www.amazon.in/dp/B08N5WRWNW,amazon
"After viewing product detail pages, look here to find an easy way to navigate back to pages you are interested in.",,,0,https://www.amazon.in/dp/B08N5WRWNW,amazon
Let Us Help You,,,0,https://www.amazon.in/dp/B08N5WRWNW,amazon
"Summary : great buy, amazon did fulfill the needs got it for reduced amount with all the offer, if you're looking for a coding laptop this is the one",,,0,https://www.amazon.in/dp/B08N5WRWNW,amazon
...5. quick charging & magsafe port. 6.,,,0,https://www.amazon.in/dp/B08N5WRWNW,amazon
View Image Gallery,,,0,https://www.amazon.in/dp/B08N5WRWNW,amazon
5 out of 5 starsBest Purchase Ever!Reviewed in India on 15 April 2021Verified Purchase,,,0,https://www.amazon.in/dp/B08N5WRWNW,amazon
I tried to go back to windows for a work but made me realise as if i am using some old machine from past. ( windows laptop that i was using was also launched this year with latest specifications),,,0,https://www.amazon.in/dp/B08N5WRWNW,amazon
Occupational Health & Safety Products10 Days Returnable,,,0,https://www.amazon.in/dp/B08N5WRWNW,amazon
Custom Products,,,0,https://www.amazon.in/dp/B08N5WRWNW,amazon
Mac Desktops,,,0,https://www.amazon.in/dp/B08N5WRWNW,amazon
"Sorry, there was a problem.",,,0,https://www.amazon.in/dp/B08N5WRWNW,amazon
best laptop,,,0,https://www.amazon.in/dp/B08N5WRWNW,amazon
Videos,,,0,https://www.amazon.in/dp/B08N5WRWNW,amazon
anti reflective,,,0,https://www.amazon.in/dp/B08N5WRWNW,amazon
Sumit Yadav,,,0,https://www.amazon.in/dp/B08N5WRWNW,amazon
"Books10 Days ReturnableYou can return if you receive a damaged, defective or incorrect product.",,,0,https://www.amazon.in/dp/B08N5WRWNW,amazon
See more,,,0,https://www.amazon.in/dp/B08N5WRWNW,amazon
Account & Lists,,,0,https://www.amazon.in/dp/B08N5WRWNW,amazon
"Customers are satisfied with the MacBook Pro's battery life, describing it as a beast with quick charging capabilities.",,,0,https://www.amazon.in/dp/B08N5WRWNW,amazon
", with all it's m1 max and shared fast ram, formidable. 5. quick charging & magsafe port. 6....",,,0,https://www.amazon.in/dp/B08N5WRWNW,amazon
"42 customers mention performance, 34 positive, 8 negative",,,0,https://www.amazon.in/dp/B08N5WRWNW,amazon
Returns Policy,,,0,https://www.amazon.in/dp/B08N5WRWNW,amazon
Books,,,0,https://www.amazon.in/dp/B08N5WRWNW,amazon
Great performance,,,0,https://www.amazon.in/dp/B08N5WRWNW,amazon
Front camera though looks blurry in medium/low light,,,0,https://www.amazon.in/dp/B08N5WRWNW,amazon
Sonia W,,,0,https://www.amazon.in/dp/B08N5WRWNW,amazon
5 star4 star3 star2 star1 star1 star,,,0,https://www.amazon.in/dp/B08N5WRWNW,amazon
"...Anyway, overall, a Mac is a Mac, and it is anexcellent product.",,,0,https://www.amazon.in/dp/B08N5WRWNW,amazon
battery life,,,0,https://www.amazon.in/dp/B08N5WRWNW,amazon
Dont stretch your budget if you can afford macbook air M1,,,0,https://www.amazon.in/dp/B08N5WRWNW,amazon
"""...The pros of this machine: 1.battery life, nothing comes close to apple silicon. 2. macos, love it, hate it....""Read more",,,0,https://www.amazon.in/dp/B08N5WRWNW,amazon
I am reviewing after 2 month use -Itsvalue of money💸. Its better for machine learning. Battery backup is also very good more than 20hrs .,,,0,https://www.amazon.in/dp/B08N5WRWNW,amazon
"-not an easy task to get adjusted, takes time but worth it",,,0,https://www.amazon.in/dp/B08N5WRWNW,amazon
I am reviewing after 2 month use -Its,,,0,https://www.amazon.in/dp/B08N5WRWNW,amazon
"Movies, MusicNot Returnable",,,0,https://www.amazon.in/dp/B08N5WRWNW,amazon
( charge once in a day with normal coding and youtube music for a data scientist),,,0,https://www.amazon.in/dp/B08N5WRWNW,amazon
Returning Seller Fulfilled Items,,,0,https://www.amazon.in/dp/B08N5WRWNW,amazon
and that is a total disappointment when you are...,,,0,https://www.amazon.in/dp/B08N5WRWNW,amazon
Return the watch in the original condition in brand box to avoid pickup cancellation. We will not process a replacement if the pickup is cancelled owing to missing/damaged contents.,,,0,https://www.amazon.in/dp/B08N5WRWNW,amazon
"Car, Motorbike and Industrial",,,0,https://www.amazon.in/dp/B08N5WRWNW,amazon
Advertise Your Products,,,0,https://www.amazon.in/dp/B08N5WRWNW,amazon
DownloadAudio Books,,,0,https://www.amazon.in/dp/B08N5WRWNW,amazon
Report an issue with this product,,,0,https://www.amazon.in/dp/B08N5WRWNW,amazon
Thank you. We'll investigate in the next few days.,,,0,https://www.amazon.in/dp/B08N5WRWNW,amazon
"""...5. quick charging & magsafe port. 6.excellent screen, hdr at 1600 nits is quite something....""Read more",,,0,https://www.amazon.in/dp/B08N5WRWNW,amazon
Read Full Return Policy,,,0,https://www.amazon.in/dp/B08N5WRWNW,amazon
Conditions of Use & Sale,,,0,https://www.amazon.in/dp/B08N5WRWNW,amazon
"2020 Apple MacBook Pro (13.3-inch/33.78 cm, Apple M1 chip with 8‑core CPU and 8‑core GPU, 8GB RAM,Amazon Videos",,,0,https://www.amazon.in/dp/B08N5WRWNW,amazon
Power Banks: 10 Days; Replacement only,,,0,https://www.amazon.in/dp/B08N5WRWNW,amazon
Today's Deals,,,0,https://www.amazon.in/dp/B08N5WRWNW,amazon
Items marked as non-returnable on detail page are not eligible for return.,,,0,https://www.amazon.in/dp/B08N5WRWNW,amazon
Core M Family,,,0,https://www.amazon.in/dp/B08N5WRWNW,amazon
IMAGES,,,0,https://www.amazon.in/dp/B08N5WRWNW,amazon
Reviewed in India on 15 April 2021,,,0,https://www.amazon.in/dp/B08N5WRWNW,amazon
Thebest laptopanyone can get in the market,,,0,https://www.amazon.in/dp/B08N5WRWNW,amazon
In the Box,,,0,https://www.amazon.in/dp/B08N5WRWNW,amazon
"...4.speed, with all it's m1 max and shared fast ram, formidable. 5. quick charging & magsafe port. 6....",,,0,https://www.amazon.in/dp/B08N5WRWNW,amazon
"If you report an issue with your Furniture,we may schedule a technician visit to your location. On the basis of the technician's evaluation report, we will provide resolution.",,,0,https://www.amazon.in/dp/B08N5WRWNW,amazon
Cons:,,,0,https://www.amazon.in/dp/B08N5WRWNW,amazon
See all photos,,,0,https://www.amazon.in/dp/B08N5WRWNW,amazon
shift+alt+K,,,0,https://www.amazon.in/dp/B08N5WRWNW,amazon
Screen Size,,,0,https://www.amazon.in/dp/B08N5WRWNW,amazon
0Cart,,,0,https://www.amazon.in/dp/B08N5WRWNW,amazon
Apple,,,0,https://www.amazon.in/dp/B08N5WRWNW,amazon
Less ports,,,0,https://www.amazon.in/dp/B08N5WRWNW,amazon
Let Us Help YouYour AccountReturns CentreRecalls and Product Safety Alerts100% Purchase ProtectionAmazon App DownloadHelp,,,0,https://www.amazon.in/dp/B08N5WRWNW,amazon
"""Battery life is lessthan they say Only 10 to 12 hrs.""Read more",,,0,https://www.amazon.in/dp/B08N5WRWNW,amazon
(13),,,0,https://www.amazon.in/dp/B08N5WRWNW,amazon
India,,,0,https://www.amazon.in/dp/B08N5WRWNW,amazon
Previous slideNext slide,,,0,https://www.amazon.in/dp/B08N5WRWNW,amazon
Home Improvement,,,0,https://www.amazon.in/dp/B08N5WRWNW,amazon
contact Apple Customer Service.,,,0,https://www.amazon.in/dp/B08N5WRWNW,amazon
Operating System,,,0,https://www.amazon.in/dp/B08N5WRWNW,amazon
Keyboard shortcuts,,,0,https://www.amazon.in/dp/B08N5WRWNW,amazon
MacBook Pro,,,0,https://www.amazon.in/dp/B08N5WRWNW,amazon
Brand,,,0,https://www.amazon.in/dp/B08N5WRWNW,amazon
Fulfilment by Amazon,,,0,https://www.amazon.in/dp/B08N5WRWNW,amazon
Add to cartshift+alt+K,,,0,https://www.amazon.in/dp/B08N5WRWNW,amazon
Go for Pro model if your budget allows,,,0,https://www.amazon.in/dp/B08N5WRWNW,amazon
View Image GalleryAmazon Customer5.0 out of 5 starsImages in this review,,,0,https://www.amazon.in/dp/B08N5WRWNW,amazon
Gift Cards,,,0,https://www.amazon.in/dp/B08N5WRWNW,amazon
...then I highly recommend you switch to Apple Silicon because these are,,,0,https://www.amazon.in/dp/B08N5WRWNW,amazon
"For software-related technical issues or installation issues in items belonging to the Software category, pleasecontact the brand directly.",,,0,https://www.amazon.in/dp/B08N5WRWNW,amazon
Home,,,0,https://www.amazon.in/dp/B08N5WRWNW,amazon
"""...Super agile with mobility and weight.Battery backup is awesome( charge once in a day with normal coding and youtube music for a data scientist)""Read more",,,0,https://www.amazon.in/dp/B08N5WRWNW,amazon
ShopbopDesignerFashion Brands,,,0,https://www.amazon.in/dp/B08N5WRWNW,amazon
(42),,,0,https://www.amazon.in/dp/B08N5WRWNW,amazon
"**For products worth more than INR 25000, we only offer Self-Return option.",,,0,https://www.amazon.in/dp/B08N5WRWNW,amazon
Images in this review,,,0,https://www.amazon.in/dp/B08N5WRWNW,amazon
perfect screen size and lightweight,,,0,https://www.amazon.in/dp/B08N5WRWNW,amazon
"VIDEOImage UnavailableImage not available forColour:2020 Apple MacBook Pro (13.3-inch/33.78 cm, Apple M1 chip with 8‑core CPU and 8‑core GPU, 8GB RAM,Amazon Videos",,,0,https://www.amazon.in/dp/B08N5WRWNW,amazon
"""...Great product, faster than many MAC models.Front camera though looks blurry in medium/low lightand that is a total disappointment when you are...""Read more",,,0,https://www.amazon.in/dp/B08N5WRWNW,amazon
Technical DetailsManufacturer‎AppleItem model number‎MYD92HN/AProduct Dimensions‎34.1 x 24.8 x 7.4 cm; 2.44 kgASIN‎B08N5WRWNW,,,0,https://www.amazon.in/dp/B08N5WRWNW,amazon
Battery life : not able to kill it in a day even after intensive work ( including editing in final cut pro ),,,0,https://www.amazon.in/dp/B08N5WRWNW,amazon
If you are exporting no HDR file then rendering and exporting is hyper fast.,,,0,https://www.amazon.in/dp/B08N5WRWNW,amazon
Using it from past 20 days must sayperformance& battery backup is awesome . Worth the buy,,,0,https://www.amazon.in/dp/B08N5WRWNW,amazon
Both are equally powerful.,,,0,https://www.amazon.in/dp/B08N5WRWNW,amazon
...4.,,,0,https://www.amazon.in/dp/B08N5WRWNW,amazon
"""I think its justwaste of money, the speakers are rattling on the higher volumes, and the battery life is also not as expected.""Read more",,,0,https://www.amazon.in/dp/B08N5WRWNW,amazon
"30 customers mention battery life, 24 positive, 6 negative30 customers mention ""Battery life""24 positive6 negative",,,0,https://www.amazon.in/dp/B08N5WRWNW,amazon
Your Account,,,0,https://www.amazon.in/dp/B08N5WRWNW,amazon
"2 Days, RefundRefunds are applicable only if determined that the item was not damaged while in your possession, or is not different from what was shipped to you.",,,0,https://www.amazon.in/dp/B08N5WRWNW,amazon
I bought a 512 GB / 8 GB MAC model (Space Grey) Macbook Pro M1.,,,0,https://www.amazon.in/dp/B08N5WRWNW,amazon
Press Releases,,,0,https://www.amazon.in/dp/B08N5WRWNW,amazon
Amazon Pay on Merchants,,,0,https://www.amazon.in/dp/B08N5WRWNW,amazon
Integrated,,,0,https://www.amazon.in/dp/B08N5WRWNW,amazon
camera could have been better with 1080p,,,0,https://www.amazon.in/dp/B08N5WRWNW,amazon
34 positive,,,0,https://www.amazon.in/dp/B08N5WRWNW,amazon
All photos,,,0,https://www.amazon.in/dp/B08N5WRWNW,amazon
Akash Kriplani,,,0,https://www.amazon.in/dp/B08N5WRWNW,amazon
Screen is good,,,0,https://www.amazon.in/dp/B08N5WRWNW,amazon
"2 Days, Refund",,,0,https://www.amazon.in/dp/B08N5WRWNW,amazon
I switched from Windows to macos in recent times and here is my review:,,,0,https://www.amazon.in/dp/B08N5WRWNW,amazon
"Used Laptops10 Days RefundRefunds will be issued only if it is determined that the item was not damaged while in your possession, or is not different from what was shipped to you.",,,0,https://www.amazon.in/dp/B08N5WRWNW,amazon
"""Best investment ever.""Read more",,,0,https://www.amazon.in/dp/B08N5WRWNW,amazon
Apple TV,,,0,https://www.amazon.in/dp/B08N5WRWNW,amazon
Cart,,,0,https://www.amazon.in/dp/B08N5WRWNW,amazon
shift+alt+H,,,0,https://www.amazon.in/dp/B08N5WRWNW,amazon
"This item is eligible for free replacement, within 10 days of delivery, in an unlikely event of damaged, defective or different/wrong item delivered to you. .",,,0,https://www.amazon.in/dp/B08N5WRWNW,amazon
& Orders,,,0,https://www.amazon.in/dp/B08N5WRWNW,amazon
Reviews with images,,,0,https://www.amazon.in/dp/B08N5WRWNW,amazon
17 people found this helpful,,,0,https://www.amazon.in/dp/B08N5WRWNW,amazon
"""...-camera could have been better with 1080pbut you can't expect more with this price -touch pad works well, doesn't affect your woek style...""Read more",,,0,https://www.amazon.in/dp/B08N5WRWNW,amazon
"13 customers mention screen quality, 7 positive, 6 negative13 customers mention ""Screen quality""7 positive6 negative",,,0,https://www.amazon.in/dp/B08N5WRWNW,amazon
VIDEOS,,,0,https://www.amazon.in/dp/B08N5WRWNW,amazon
excellent screen,,,0,https://www.amazon.in/dp/B08N5WRWNW,amazon
"-I do coding everyday and performance is way better than Windows, on screen time is 2 3 days for me with battery",,,0,https://www.amazon.in/dp/B08N5WRWNW,amazon
"""...Great audio Good camera Decent KeyboardGreat performance""Read more",,,0,https://www.amazon.in/dp/B08N5WRWNW,amazon
...This is a,,,0,https://www.amazon.in/dp/B08N5WRWNW,amazon
Amazon Customer5.0 out of 5 starsImages in this review,,,0,https://www.amazon.in/dp/B08N5WRWNW,amazon
(30),,,0,https://www.amazon.in/dp/B08N5WRWNW,amazon
shift+alt+D,,,0,https://www.amazon.in/dp/B08N5WRWNW,amazon
"2020 Apple MacBook Pro (13.3-inch/33.78 cm, Apple M1 chip with 8‑core CPU and 8‑core GPU, 8GB RAM,",,,0,https://www.amazon.in/dp/B08N5WRWNW,amazon
THE BATTERY IS A BEAST!!!! I last charged it to a 100% on the 27th of June and used it for about 2 to 3 hours everyday. I am still sitting at 22%. and that will carry me easily to Monday.,,,0,https://www.amazon.in/dp/B08N5WRWNW,amazon
Using it from past 20 days must say,,,0,https://www.amazon.in/dp/B08N5WRWNW,amazon
Eyewear30 Days; Replacement/Refund,,,0,https://www.amazon.in/dp/B08N5WRWNW,amazon
Pet Supplies,,,0,https://www.amazon.in/dp/B08N5WRWNW,amazon
"...Great product, faster than many MAC models.",,,0,https://www.amazon.in/dp/B08N5WRWNW,amazon
Apple 8-core GPU,,,0,https://www.amazon.in/dp/B08N5WRWNW,amazon
Ram management:,,,0,https://www.amazon.in/dp/B08N5WRWNW,amazon
5 star4 star3 star2 star1 star3 star83%10%3%0%4%3%,,,0,https://www.amazon.in/dp/B08N5WRWNW,amazon
Thank you for your feedback,,,0,https://www.amazon.in/dp/B08N5WRWNW,amazon
Hard Disk Size,,,0,https://www.amazon.in/dp/B08N5WRWNW,amazon
4 people found this helpful,,,0,https://www.amazon.in/dp/B08N5WRWNW,amazon
returning seller fulfilled items.,,,0,https://www.amazon.in/dp/B08N5WRWNW,amazon
Space Grey,,,0,https://www.amazon.in/dp/B08N5WRWNW,amazon
.inDelivering to Mumbai 400104Update location,,,0,https://www.amazon.in/dp/B08N5WRWNW,amazon
Active cooling system sustains incredible performance,,,0,https://www.amazon.in/dp/B08N5WRWNW,amazon
Update location,,,0,https://www.amazon.in/dp/B08N5WRWNW,amazon
Wireless,,,0,https://www.amazon.in/dp/B08N5WRWNW,amazon
Delivering to Mumbai 400104,,,0,https://www.amazon.in/dp/B08N5WRWNW,amazon
"Sorry, there was an errorClose",,,0,https://www.amazon.in/dp/B08N5WRWNW,amazon
MX Player,,,0,https://www.amazon.in/dp/B08N5WRWNW,amazon
Really there are only some minor inconveniences here: There are only two Thunderbolt ports and a headphone jack. That is a limitation at times.,,,0,https://www.amazon.in/dp/B08N5WRWNW,amazon
Everything ForYour Business,,,0,https://www.amazon.in/dp/B08N5WRWNW,amazon
Sorry we couldn't load the review,,,0,https://www.amazon.in/dp/B08N5WRWNW,amazon
5 star4 star3 star2 star1 star2 star83%10%3%0%4%0%,,,0,https://www.amazon.in/dp/B08N5WRWNW,amazon
"All PC components, listed as Components under ""Computers & Accessories"" that are labeled as not returnable on the product detail page are not eligible for returns.",,,0,https://www.amazon.in/dp/B08N5WRWNW,amazon
Height,,,0,https://www.amazon.in/dp/B08N5WRWNW,amazon
Apple Watch,,,0,https://www.amazon.in/dp/B08N5WRWNW,amazon
macOS 10.14 Mojave,,,0,https://www.amazon.in/dp/B08N5WRWNW,amazon
Connect with Us,,,0,https://www.amazon.in/dp/B08N5WRWNW,amazon
83%10%3%0%4%0%,,,0,https://www.amazon.in/dp/B08N5WRWNW,amazon
-camera could have been better with 1080p but you can't expect more with this price,,,0,https://www.amazon.in/dp/B08N5WRWNW,amazon
"To move between items, use your keyboard's up or down arrows.",,,0,https://www.amazon.in/dp/B08N5WRWNW,amazon
Delivering to Mumbai 400104 - Update location,,,0,https://www.amazon.in/dp/B08N5WRWNW,amazon
CPU Model,,,0,https://www.amazon.in/dp/B08N5WRWNW,amazon
contact the brand directly.,,,0,https://www.amazon.in/dp/B08N5WRWNW,amazon
and Apple must provide a free 3 pin adapter to avoid earthing issues.,,,0,https://www.amazon.in/dp/B08N5WRWNW,amazon
Amazon BusinessEverything ForYour Business,,,0,https://www.amazon.in/dp/B08N5WRWNW,amazon
very expensive laptop,,,0,https://www.amazon.in/dp/B08N5WRWNW,amazon
Flights,,,0,https://www.amazon.in/dp/B08N5WRWNW,amazon
8-core GPU with up to 5x faster graphics for graphics-intensive apps and games,,,0,https://www.amazon.in/dp/B08N5WRWNW,amazon
0.61 inch (1.56 cm),,,0,https://www.amazon.in/dp/B08N5WRWNW,amazon
"Note: For seller fulfilled items from Books, Movies & TV Shows categories, the sellers need to be informed of the damage/ defect within 14 days of delivery.",,,0,https://www.amazon.in/dp/B08N5WRWNW,amazon
"""Using it from past 20 days must sayperformance& battery backup is awesome . Worth the buy""Read more",,,0,https://www.amazon.in/dp/B08N5WRWNW,amazon
"Note: Please keep the item in its original condition, with MRP tags attached, user manual, warranty cards, and original accessories in manufacturer packaging for a successful return pick-up.",,,0,https://www.amazon.in/dp/B08N5WRWNW,amazon
...This is avery expensive laptopand Apple must provide a free 3 pin adapter to avoid earthing issues.,,,0,https://www.amazon.in/dp/B08N5WRWNW,amazon
Orders,,,0,https://www.amazon.in/dp/B08N5WRWNW,amazon
5 star4 star3 star2 star1 star4 star83%10%3%0%4%10%,,,0,https://www.amazon.in/dp/B08N5WRWNW,amazon
5 star4 star3 star2 star1 star4 star,,,0,https://www.amazon.in/dp/B08N5WRWNW,amazon
Recalls and Product Safety Alerts,,,0,https://www.amazon.in/dp/B08N5WRWNW,amazon
5 star4 star3 star2 star1 star5 star,,,0,https://www.amazon.in/dp/B08N5WRWNW,amazon
...Great audio Good camera Decent Keyboard,,,0,https://www.amazon.in/dp/B08N5WRWNW,amazon
"30 customers mention battery life, 24 positive, 6 negative",,,0,https://www.amazon.in/dp/B08N5WRWNW,amazon
Click here to go back to the Amazon home page,,,0,https://www.amazon.in/dp/B07HGGFQCD,amazon
Click here to go back to the Amazon home page,,,0,https://www.amazon.in/dp/B09G3HRMVB,amazon
Something went wrong!,,,0,https://www.flipkart.com/apple-iphone-13/p/itmca361ec2a6b61,flipkart
Cart,,,0,https://www.flipkart.com/apple-iphone-13/p/itmca361ec2a6b61,flipkart
Retry,,,0,https://www.flipkart.com/apple-iphone-13/p/itmca361ec2a6b61,flipkart
Please try again later.,,,0,https://www.flipkart.com/apple-iphone-13/p/itmca361ec2a6b61,flipkart
Something went wrong!Please try again later.E002Retry,,,0,https://www.flipkart.com/apple-iphone-13/p/itmca361ec2a6b61,flipkart
E002,,,0,https://www.flipkart.com/apple-iphone-13/p/itmca361ec2a6b61,flipkart
Something went wrong!,,,0,https://www.flipkart.com/boAt-rockerz-450/p/itm6a9b1f0ee0772,flipkart
Cart,,,0,https://www.flipkart.com/boAt-rockerz-450/p/itm6a9b1f0ee0772,flipkart
Retry,,,0,https://www.flipkart.com/boAt-rockerz-450/p/itm6a9b1f0ee0772,flipkart
Please try again later.,,,0,https://www.flipkart.com/boAt-rockerz-450/p/itm6a9b1f0ee0772,flipkart
Something went wrong!Please try again later.E002Retry,,,0,https://www.flipkart.com/boAt-rockerz-450/p/itm6a9b1f0ee0772,flipkart
E002,,,0,https://www.flipkart.com/boAt-rockerz-450/p/itm6a9b1f0ee0772,flipkart
